id,priority,title,status
P0-001,P0,Repository foundation and release status,done
P0-002,P0,Identity auth profile vertical slice,done
P0-003,P0,Case chat voice intake vertical slice,done
P0-004,P0,Documents evidence OCR vertical slice,done
P0-005,P0,RAG official KZ sources and hallucination guardrails,done
P1-001,P1,Legal workflows and document builder,done
P1-002,P1,Subscriptions budget and admin operations,planned
P1-003,P1,Security compliance hardening,planned
P1-004,P1,Release candidate packaging,planned
